{"first-meaningful-paint": -7507.205466425952, "first-cpu-idle": -5315.817322898627, "unminified-javascript": -4992.634432535996, "legacy-javascript": -4819.762922255656, "uses-rel-preconnect": -4053.9035102088515, "unused-css-rules": -3231.2964048045274, "render-blocking-resources": -2721.253751443046, "uses-webp-images": -2235.3704938439773, "redirects": -2142.0578597638078, "offscreen-images": -1800.228939546772, "unused-javascript": -1772.2953409814431}