{"unminified-javascript": -29568.855665835443, "first-cpu-idle": -25101.871756664685, "unused-javascript": -20730.6194705417, "offscreen-images": -20577.557260592024, "legacy-javascript": -19089.62657944574, "max-potential-fid": -13891.85213649842, "first-meaningful-paint": -13853.567845555144, "uses-text-compression": -13471.394765767216, "uses-rel-preconnect": -13025.278525457765, "estimated-input-latency": -12352.094315810224, "uses-webp-images": -8767.687994275875}