{"15-weibo.com": 322.97399999999993, "14-zoom.us": 283.2030000000001, "44-huanqiu.com": 1343.1709999999998, "09-360.cn": 0, "18-live.com": -34.69499999999999, "16-sina.com.cn": 268.52600000000007, "02-youtube.com": 106.969, "35-bing.com": 90.584, "17-xinhuanet.com": 2603.2210000000005, "21-microsoft.com": 406.119, "47-apple.com": 13.583999999999946, "36-twitch.tv": 423.87300000000005, "28-vk.com": 132.226, "01-google.com": 152.43699999999998, "38-aliexpress.com": 10.173000000000016, "39-adobe.com": 257.174, "10-amazon.com": 838.159, "23-zhanqi.tv": 0, "11-yahoo.com": 162.185, "06-sohu.com": 326.203, "48-chaturbate.com": 0, "37-naver.com": 452.7660000000001, "29-csdn.net": 251.73700000000008, "26-office.com": -16.822000000000003, "41-amazon.in": 226.464, "42-twitter.com": 203.22500000000002, "08-taobao.com": 45.31699999999995, "49-aparat.com": 658.595, "43-amazon.co.jp": 504.635, "19-reddit.com": 1034.63, "30-myshopify.com": 0, "50-yandex.ru": -73.04600000000002, "33-google.com.hk": 303.494, "27-instagram.com": 0, "46-yy.com": 0, "24-okezone.com": 1488.932, "31-yahoo.co.jp": 189.995, "32-microsoftonline.com": 0, "13-wikipedia.org": 127.833, "22-panda.tv": 250.563, "04-baidu.com": 94.78399999999999, "03-tmall.com": 896.3960000000002, "07-facebook.com": 228.75100000000003, "20-netflix.com": 321.80699999999996, "12-jd.com": 1067.429, "34-bongacams.com": 0, "25-alipay.com": 182.05600000000004, "45-tianya.cn": 345.99199999999996, "05-qq.com": 1108.6399999999999, "40-ebay.com": 252.79000000000002}