{"first-meaningful-paint": -18194.86164789948, "unminified-javascript": -16077.55948139109, "first-cpu-idle": -15132.553000841943, "uses-rel-preconnect": -14907.29097594392, "legacy-javascript": -13390.063889398376, "uses-responsive-images": -11331.986929427041, "uses-optimized-images": -10971.308173390962, "offscreen-images": -10328.730259859933, "uses-webp-images": -10150.865534437251, "render-blocking-resources": -9644.56328988466, "unused-javascript": -7888.855148322293}