{"uses-rel-preconnect": -14699.306176724129, "first-meaningful-paint": -12300.337503170711, "first-cpu-idle": -10432.273669101201, "legacy-javascript": -9025.264508121225, "unminified-javascript": -7988.186551631685, "uses-text-compression": -7488.060326041187, "uses-webp-images": -6911.164207069789, "unused-javascript": -6763.277699513718, "uses-responsive-images": -6139.370200768333, "efficient-animated-content": -5503.001412599088, "uses-optimized-images": -5251.040882304222}