{"uses-text-compression": -19383.026865655564, "legacy-javascript": -16248.372031517043, "first-cpu-idle": -12633.915997660464, "interactive": -12191.401616892235, "uses-rel-preconnect": -10904.500486854302, "first-meaningful-paint": -10886.995237480758, "offscreen-images": -9077.574609600591, "uses-webp-images": -7740.5167409356645, "unused-css-rules": -6260.445625669763, "uses-responsive-images": -5807.0347956978285, "render-blocking-resources": -4740.204738132053}