{"legacy-javascript": -6238.0381901908395, "first-meaningful-paint": -5996.418108552164, "first-cpu-idle": -5187.789253611129, "interactive": -4906.060656506234, "unused-javascript": -3588.0673753698434, "unused-css-rules": -3132.465729019517, "render-blocking-resources": -2819.637049495549, "redirects": -2365.2289705017333, "offscreen-images": -2291.6222358952305, "uses-text-compression": -2285.4218679577893, "max-potential-fid": -1439.0194055616166}