{"uses-text-compression": -8600.08827073336, "legacy-javascript": -8180.872842047617, "unused-javascript": -3742.043571979842, "first-cpu-idle": -3654.7618089311673, "interactive": -3498.73726640563, "offscreen-images": -3467.5363482127664, "max-potential-fid": -2677.229402125413, "estimated-input-latency": -2649.771511423447, "redirects": -2095.898647034363, "uses-rel-preconnect": -1961.2673200191894, "first-meaningful-paint": -1947.2019169620837}