{"legacy-javascript": -14043.578622601313, "uses-rel-preload": -8842.824150138491, "uses-text-compression": -8828.938928514655, "uses-rel-preconnect": -8315.19213542193, "first-cpu-idle": -7681.198094972424, "interactive": -7615.496204497168, "first-meaningful-paint": -7338.0758748810495, "uses-responsive-images": -6131.69581278051, "offscreen-images": -6063.32675814351, "unused-javascript": -6012.629226182313, "uses-webp-images": -5176.409207464716}