{"first-cpu-idle": -5137.364688300399, "unminified-javascript": -4249.140065057024, "unused-javascript": -3916.5231288326777, "max-potential-fid": -3820.9855936765125, "estimated-input-latency": -3675.896545791221, "offscreen-images": -3571.7015419351624, "legacy-javascript": -3033.1672177367354, "first-meaningful-paint": -2211.857182858839, "uses-rel-preconnect": -1811.9052818113184, "uses-webp-images": -1429.2691441659467, "unused-css-rules": -919.1853477359889}